    , Unnamed: 0, committee_id, document                                        , received, due     , pages, pdf_url                                                  , pdf
   3,          3,        97221, Post-Election Stmt - 11/05/2024 General Election, 12/06/24, 12/06/24,     4, https://campaignfinance.us/MI-OTTAWA/IndexedDocs/2266.PDF, /2266.PDF
  19,         19,        96945, Post-Election Stmt - 11/05/2024 General Election, 12/06/24, 12/06/24,     5, https://campaignfinance.us/MI-OTTAWA/IndexedDocs/2427.PDF, /2427.PDF
  49,         49,        96961, Post-Election Stmt - 11/05/2024 General Election, 12/04/24, 12/05/24,     4, https://campaignfinance.us/MI-OTTAWA/IndexedDocs/2425.PDF, /2425.PDF
  69,         69,        96976, Post-Election Stmt - 11/05/2024 General Election, 11/13/24, 12/05/24,     2, https://campaignfinance.us/MI-OTTAWA/IndexedDocs/2423.PDF, /2423.PDF
  86,         86,        97019, Post-Election Stmt - 11/05/2024 General Election, 12/04/24, 12/05/24,     3, https://campaignfinance.us/MI-OTTAWA/IndexedDocs/2990.PDF, /2990.PDF
 104,        104,        97073, Post-Election Stmt - 11/05/2024 General Election, 12/05/24, 12/06/24,     5, https://campaignfinance.us/MI-OTTAWA/IndexedDocs/2992.PDF, /2992.PDF
 114,        114,        96566, Post-Election Stmt - 11/05/2024 General Election, 12/06/24, 12/06/24,     3, https://campaignfinance.us/MI-OTTAWA/IndexedDocs/2994.PDF, /2994.PDF
 132,        132,        97037, Post-Election Stmt - 11/05/2024 General Election, 11/26/24, 12/05/24,     3, https://campaignfinance.us/MI-OTTAWA/IndexedDocs/2996.PDF, /2996.PDF
 144,        144,        96902, Post-Election Stmt - 11/05/2024 General Election, 11/12/24, 12/05/24,     2, https://campaignfinance.us/MI-OTTAWA/IndexedDocs/2998.PDF, /2998.PDF
 152,        152,        96314, Post-Election Stmt - 11/05/2024 General Election, 11/20/24, 12/05/24,     2, https://campaignfinance.us/MI-OTTAWA/IndexedDocs/3000.PDF, /3000.PDF
 182,        182,        97031, Post-Election Stmt - 11/05/2024 General Election, 12/05/24, 12/06/24,     8, https://campaignfinance.us/MI-OTTAWA/IndexedDocs/3003.PDF, /3003.PDF
 193,        193,        97036, Post-Election Stmt - 11/05/2024 General Election, 12/04/24, 12/05/24,     7, https://campaignfinance.us/MI-OTTAWA/IndexedDocs/3006.PDF, /3006.PDF
 204,        204,        97062, Post-Election Stmt - 11/05/2024 General Election, 12/03/24, 12/05/24,     7, https://campaignfinance.us/MI-OTTAWA/IndexedDocs/3008.PDF, /3008.PDF
 216,        216,        96898, Post-Election Stmt - 11/05/2024 General Election, 12/05/24, 12/06/24,     4, https://campaignfinance.us/MI-OTTAWA/IndexedDocs/3010.PDF, /3010.PDF
 250,        250,        97027, Post-Election Stmt - 11/05/2024 General Election, 12/04/24, 12/05/24,     5, https://campaignfinance.us/MI-OTTAWA/IndexedDocs/3012.PDF, /3012.PDF
 279,        279,        97030, Post-Election Stmt - 11/05/2024 General Election, 12/05/24, 12/06/24,    13, https://campaignfinance.us/MI-OTTAWA/IndexedDocs/3014.PDF, /3014.PDF
 300,        300,        96897, Post-Election Stmt - 11/05/2024 General Election, 12/03/24, 12/05/24,     6, https://campaignfinance.us/MI-OTTAWA/IndexedDocs/3016.PDF, /3016.PDF
 335,        335,        96891, Post-Election Stmt - 11/05/2024 General Election, 12/05/24, 12/06/24,     5, https://campaignfinance.us/MI-OTTAWA/IndexedDocs/3018.PDF, /3018.PDF
 375,        375,        97088, Post-Election Stmt - 11/05/2024 General Election, 11/26/24, 12/05/24,     4, https://campaignfinance.us/MI-OTTAWA/IndexedDocs/3020.PDF, /3020.PDF
 386,        386,        97145, Post-Election Stmt - 11/05/2024 General Election, 12/12/24, 12/06/24,     2, https://campaignfinance.us/MI-OTTAWA/IndexedDocs/3029.PDF, /3029.PDF
 403,        403,        97126, Post-Election Stmt - 11/05/2024 General Election, 12/06/24, 12/06/24,     3, https://campaignfinance.us/MI-OTTAWA/IndexedDocs/3034.PDF, /3034.PDF
 413,        413,        97035, Post-Election Stmt - 11/05/2024 General Election, 11/20/24, 12/05/24,     2, https://campaignfinance.us/MI-OTTAWA/IndexedDocs/3045.PDF, /3045.PDF
 424,        424,        96895, Post-Election Stmt - 11/05/2024 General Election, 12/05/24, 12/06/24,     8, https://campaignfinance.us/MI-OTTAWA/IndexedDocs/3047.PDF, /3047.PDF
 455,        455,        97084, Post-Election Stmt - 11/05/2024 General Election, 12/02/24, 12/05/24,     2, https://campaignfinance.us/MI-OTTAWA/IndexedDocs/3049.PDF, /3049.PDF
 469,        469,        97032, Post-Election Stmt - 11/05/2024 General Election, 12/04/24, 12/05/24,     5, https://campaignfinance.us/MI-OTTAWA/IndexedDocs/3051.PDF, /3051.PDF
 484,        484,        97041, Post-Election Stmt - 11/05/2024 General Election, 12/09/24, 12/06/24,     5, https://campaignfinance.us/MI-OTTAWA/IndexedDocs/3054.PDF, /3054.PDF
 501,        501,        97209, Post-Election Stmt - 11/05/2024 General Election, 11/25/24, 12/05/24,     3, https://campaignfinance.us/MI-OTTAWA/IndexedDocs/3056.PDF, /3056.PDF
 531,        531,        97111, Post-Election Stmt - 11/05/2024 General Election, 12/04/24, 12/05/24,     5, https://campaignfinance.us/MI-OTTAWA/IndexedDocs/3064.PDF, /3064.PDF
 542,        542,        96499, Post-Election Stmt - 11/05/2024 General Election, 12/03/24, 12/05/24,     4, https://campaignfinance.us/MI-OTTAWA/IndexedDocs/3067.PDF, /3067.PDF
 600,        600,        97042, Post-Election Stmt - 11/05/2024 General Election, 11/27/24, 12/05/24,     6, https://campaignfinance.us/MI-OTTAWA/IndexedDocs/3069.PDF, /3069.PDF
 613,        613,        97026, Post-Election Stmt - 11/05/2024 General Election, 11/26/24, 12/05/24,     2, https://campaignfinance.us/MI-OTTAWA/IndexedDocs/3071.PDF, /3071.PDF
 631,        631,        96334, Post-Election Stmt - 11/05/2024 General Election, 12/05/24, 12/06/24,     8, https://campaignfinance.us/MI-OTTAWA/IndexedDocs/3073.PDF, /3073.PDF
 701,        701,        97083, Post-Election Stmt - 11/05/2024 General Election, 12/05/24, 12/06/24,     2, https://campaignfinance.us/MI-OTTAWA/IndexedDocs/3076.PDF, /3076.PDF
 722,        722,        97020, Post-Election Stmt - 11/05/2024 General Election, 12/05/24, 12/06/24,     2, https://campaignfinance.us/MI-OTTAWA/IndexedDocs/3083.PDF, /3083.PDF
 739,        739,        97095, Post-Election Stmt - 11/05/2024 General Election, 12/05/24, 12/06/24,     2, https://campaignfinance.us/MI-OTTAWA/IndexedDocs/3087.PDF, /3087.PDF
 754,        754,        97117, Post-Election Stmt - 11/05/2024 General Election, 12/06/24, 12/06/24,    10, https://campaignfinance.us/MI-OTTAWA/IndexedDocs/3090.PDF, /3090.PDF
 767,        767,        97057, Post-Election Stmt - 11/05/2024 General Election, 12/05/24, 12/06/24,     7, https://campaignfinance.us/MI-OTTAWA/IndexedDocs/3092.PDF, /3092.PDF
 778,        778,        97119, Post-Election Stmt - 11/05/2024 General Election, 12/03/24, 12/05/24,     5, https://campaignfinance.us/MI-OTTAWA/IndexedDocs/3094.PDF, /3094.PDF
 793,        793,        96458, Post-Election Stmt - 11/05/2024 General Election, 12/02/24, 12/05/24,     6, https://campaignfinance.us/MI-OTTAWA/IndexedDocs/3097.PDF, /3097.PDF
 854,        854,        97043, Post-Election Stmt - 11/05/2024 General Election, 12/02/24, 12/05/24,     7, https://campaignfinance.us/MI-OTTAWA/IndexedDocs/3100.PDF, /3100.PDF
 871,        871,        97058, Post-Election Stmt - 11/05/2024 General Election, 11/26/24, 12/05/24,     3, https://campaignfinance.us/MI-OTTAWA/IndexedDocs/3102.PDF, /3102.PDF
 884,        884,        96680, Post-Election Stmt - 11/05/2024 General Election, 11/13/24, 12/05/24,     2, https://campaignfinance.us/MI-OTTAWA/IndexedDocs/3105.PDF, /3105.PDF
 892,        892,        97033, Post-Election Stmt - 11/05/2024 General Election, 12/02/24, 12/05/24,     3, https://campaignfinance.us/MI-OTTAWA/IndexedDocs/3466.PDF, /3466.PDF
 910,        910,        97243, Post-Election Stmt - 11/05/2024 General Election, 12/04/24, 12/05/24,     4, https://campaignfinance.us/MI-OTTAWA/IndexedDocs/3470.PDF, /3470.PDF
 921,        921,        97078, Post-Election Stmt - 11/05/2024 General Election, 12/02/24, 12/05/24,     4, https://campaignfinance.us/MI-OTTAWA/IndexedDocs/3507.PDF, /3507.PDF
 933,        933,        96900, Post-Election Stmt - 11/05/2024 General Election, 12/05/24, 12/06/24,     5, https://campaignfinance.us/MI-OTTAWA/IndexedDocs/3514.PDF, /3514.PDF
 967,        967,        96942, Post-Election Stmt - 11/05/2024 General Election, 12/06/24, 12/06/24,     3, https://campaignfinance.us/MI-OTTAWA/IndexedDocs/3566.PDF, /3566.PDF
 981,        981,        96838, Post-Election Stmt - 11/05/2024 General Election, 11/18/24, 12/05/24,     4, https://campaignfinance.us/MI-OTTAWA/IndexedDocs/3582.PDF, /3582.PDF
 989,        989,        97112, Post-Election Stmt - 11/05/2024 General Election, 12/06/24, 12/06/24,     7, https://campaignfinance.us/MI-OTTAWA/IndexedDocs/3531.PDF, /3531.PDF
 995,        995,        96896, Post-Election Stmt - 11/05/2024 General Election, 12/05/24, 12/06/24,     5, https://campaignfinance.us/MI-OTTAWA/IndexedDocs/3575.PDF, /3575.PDF
1036,       1036,        97101, Post-Election Stmt - 11/05/2024 General Election, 12/04/24, 12/06/24,     6, https://campaignfinance.us/MI-OTTAWA/IndexedDocs/3682.PDF, /3682.PDF
1062,       1062,        97245, Post-Election Stmt - 11/05/2024 General Election, 12/04/24, 12/05/24,     5, https://campaignfinance.us/MI-OTTAWA/IndexedDocs/3591.PDF, /3591.PDF
1069,       1069,        97232, Post-Election Stmt - 11/05/2024 General Election, 12/03/24, 12/05/24,     5, https://campaignfinance.us/MI-OTTAWA/IndexedDocs/3805.PDF, /3805.PDF
1078,       1078,        97133, Post-Election Stmt - 11/05/2024 General Election, 12/06/24, 12/06/24,     5, https://campaignfinance.us/MI-OTTAWA/IndexedDocs/3594.PDF, /3594.PDF
1084,       1084,        97070, Post-Election Stmt - 11/05/2024 General Election, 11/27/24, 12/05/24,     3, https://campaignfinance.us/MI-OTTAWA/IndexedDocs/3533.PDF, /3533.PDF
1099,       1099,        97240, Post-Election Stmt - 11/05/2024 General Election, 12/06/24, 12/06/24,     2, https://campaignfinance.us/MI-OTTAWA/IndexedDocs/3628.PDF, /3628.PDF
1110,       1110,        97235, Post-Election Stmt - 11/05/2024 General Election, 12/02/24, 12/05/24,     4, https://campaignfinance.us/MI-OTTAWA/IndexedDocs/3545.PDF, /3545.PDF
1121,       1121,        97248, Post-Election Stmt - 11/05/2024 General Election, 12/02/24, 12/05/24,     2, https://campaignfinance.us/MI-OTTAWA/IndexedDocs/3588.PDF, /3588.PDF
1138,       1138,        97223, Post-Election Stmt - 11/05/2024 General Election, 12/10/24, 12/06/24,    11, https://campaignfinance.us/MI-OTTAWA/IndexedDocs/3835.PDF, /3835.PDF
1149,       1149,        97226, Post-Election Stmt - 11/05/2024 General Election, 11/21/24, 12/05/24,     4, https://campaignfinance.us/MI-OTTAWA/IndexedDocs/3528.PDF, /3528.PDF
1158,       1158,        97224, Post-Election Stmt - 11/05/2024 General Election, 12/05/24, 12/06/24,     7, https://campaignfinance.us/MI-OTTAWA/IndexedDocs/3585.PDF, /3585.PDF
1165,       1165,        97116, Post-Election Stmt - 11/05/2024 General Election, 11/25/24, 12/05/24,     3, https://campaignfinance.us/MI-OTTAWA/IndexedDocs/3472.PDF, /3472.PDF
1174,       1174,        97215, Post-Election Stmt - 11/05/2024 General Election, 12/05/24, 12/06/24,     2, https://campaignfinance.us/MI-OTTAWA/IndexedDocs/3504.PDF, /3504.PDF
1180,       1180,        97230, Post-Election Stmt - 11/05/2024 General Election, 12/04/24, 12/05/24,     4, https://campaignfinance.us/MI-OTTAWA/IndexedDocs/3569.PDF, /3569.PDF
1196,         10,            0, Post-Election Stmt - 11/05/2024 General Election, 12/11/24, 12/06/24,     3, https://campaignfinance.us/MI-OTTAWA/IndexedDocs/2739.PDF, /2739.PDF
1222,         12,        97040, Post-Election Stmt - 11/05/2024 General Election, 12/02/24, 12/05/24,     4, https://campaignfinance.us/MI-OTTAWA/IndexedDocs/3485.PDF, /3485.PDF
1244,         11,        96968, Post-Election Stmt - 11/05/2024 General Election, 12/11/24, 12/06/24,    19, https://campaignfinance.us/MI-OTTAWA/IndexedDocs/3624.PDF, /3624.PDF
1262,          2,        96872, Post-Election Stmt - 11/05/2024 General Election, 12/05/24, 12/06/24,    17, https://campaignfinance.us/MI-OTTAWA/IndexedDocs/3676.PDF, /3676.PDF
1306,         15,        97022, Post-Election Stmt - 11/05/2024 General Election, 12/06/24, 12/06/24,    10, https://campaignfinance.us/MI-OTTAWA/IndexedDocs/3679.PDF, /3679.PDF
1337,         11,        96850, Post-Election Stmt - 11/05/2024 General Election, 12/05/24, 12/06/24,    17, https://campaignfinance.us/MI-OTTAWA/IndexedDocs/3633.PDF, /3633.PDF
1392,         11,        97013, Post-Election Stmt - 11/05/2024 General Election, 12/20/24, 12/06/24,     2, https://campaignfinance.us/MI-OTTAWA/IndexedDocs/3548.PDF, /3548.PDF
1418,         10,        97007, Post-Election Stmt - 11/05/2024 General Election, 12/09/24, 12/06/24,     4, https://campaignfinance.us/MI-OTTAWA/IndexedDocs/3879.PDF, /3879.PDF
1433,          3,        97044, Post-Election Stmt - 11/05/2024 General Election, 11/27/24, 12/05/24,     5, https://campaignfinance.us/MI-OTTAWA/IndexedDocs/3499.PDF, /3499.PDF
1445,          3,        97028, Post-Election Stmt - 11/05/2024 General Election, 12/02/24, 12/05/24,     3, https://campaignfinance.us/MI-OTTAWA/IndexedDocs/3536.PDF, /3536.PDF
1454,          3,        97048, Post-Election Stmt - 11/05/2024 General Election, 12/02/24, 12/06/24,     3, https://campaignfinance.us/MI-OTTAWA/IndexedDocs/4108.pdf, /4108.pdf
